sample_id,human_score,ai_score,ai_uncertainty,needs_review,final_status
S0000,2,1,0.23872756383798086,False,provisional_alignment
S0001,1,3,0.2548553915534242,True,human_review_required
S0002,1,1,0.06950932332747978,False,provisional_alignment
S0003,4,4,0.17376605203720166,False,provisional_alignment
S0004,1,0,0.270339065029173,False,provisional_alignment
S0005,1,1,0.13488430232046236,False,provisional_alignment
S0006,4,4,0.11984107567672957,False,provisional_alignment
S0007,1,1,0.30446063063600426,True,human_review_required
S0008,2,3,0.25007221925922307,False,provisional_alignment
S0009,1,0,0.3259824914810546,True,human_review_required
S0010,0,1,0.19975293129705252,False,provisional_alignment
S0011,3,4,0.26107960621001913,False,provisional_alignment
S0012,4,4,0.07068414666405409,False,provisional_alignment
S0013,3,2,0.24139972063175527,False,provisional_alignment
S0014,1,1,0.19648896013700845,False,provisional_alignment
S0015,2,2,0.22430134539103344,False,provisional_alignment
S0016,4,4,0.10961578162452895,False,provisional_alignment
S0017,1,0,0.18737618984097354,False,provisional_alignment
S0018,2,2,0.10853545613731407,False,provisional_alignment
S0019,4,4,0.24095572621605787,False,provisional_alignment
S0020,0,0,0.4742910123003302,True,human_review_required
S0021,4,3,0.26274824333619284,False,provisional_alignment
S0022,3,3,0.08813541851926054,False,provisional_alignment
S0023,2,3,0.3844125321577384,True,human_review_required
S0024,3,3,0.12465652485223419,False,provisional_alignment
S0025,2,3,0.3413153233431168,True,human_review_required
S0026,1,1,0.1190862849785954,False,provisional_alignment
S0027,4,4,0.44318696393983525,True,human_review_required
S0028,4,4,0.0996513038434762,False,provisional_alignment
S0029,3,3,0.07674765569635733,False,provisional_alignment
S0030,3,4,0.2597499760721201,False,provisional_alignment
S0031,3,3,0.12586682012412836,False,provisional_alignment
S0032,4,4,0.06594790100863018,False,provisional_alignment
S0033,2,2,0.14465113534022553,False,provisional_alignment
S0034,3,4,0.3672637469806947,True,human_review_required
S0035,3,3,0.3345020857221767,True,human_review_required
S0036,3,3,0.11133910494209354,False,provisional_alignment
S0037,3,3,0.017803516040492656,False,provisional_alignment
S0038,1,1,0.1933652696841857,False,provisional_alignment
S0039,4,4,0.3026716636374024,True,human_review_required
S0040,1,2,0.31756363363864554,True,human_review_required
S0041,1,0,0.343994257421136,True,human_review_required
S0042,3,2,0.3968349617444972,True,human_review_required
S0043,0,0,0.39984674419416655,True,human_review_required
S0044,2,2,0.15987382853211363,False,provisional_alignment
S0045,3,3,0.1407151071922997,False,provisional_alignment
S0046,0,0,0.09921542915294818,False,provisional_alignment
S0047,2,2,0.15643092785357268,False,provisional_alignment
S0048,2,2,0.13540088187243546,False,provisional_alignment
S0049,3,3,0.14139044948906412,False,provisional_alignment
S0050,3,1,0.252136268037311,True,human_review_required
S0051,2,2,0.13663853092906034,False,provisional_alignment
S0052,1,3,0.2194157024465906,True,human_review_required
S0053,2,2,0.20180376761893004,False,provisional_alignment
S0054,0,0,0.1681410689330093,False,provisional_alignment
S0055,4,4,0.1576342217583503,False,provisional_alignment
S0056,4,4,0.360233169276793,True,human_review_required
S0057,1,1,0.07124400148045323,False,provisional_alignment
S0058,0,2,0.3669718351003436,True,human_review_required
S0059,3,3,0.11302464528044275,False,provisional_alignment
S0060,4,4,0.1292796866472402,False,provisional_alignment
S0061,2,2,0.01,False,provisional_alignment
S0062,0,2,0.2982581084050752,True,human_review_required
S0063,0,0,0.12404139245665508,False,provisional_alignment
S0064,2,2,0.16452853218901592,False,provisional_alignment
S0065,0,0,0.08085909349081427,False,provisional_alignment
S0066,2,1,0.23326809717253894,False,provisional_alignment
S0067,4,4,0.09912682934253064,False,provisional_alignment
S0068,3,2,0.2707117731659657,False,provisional_alignment
S0069,2,2,0.19237867845214512,False,provisional_alignment
S0070,1,0,0.5265198527516196,True,human_review_required
S0071,3,3,0.11501535234653354,False,provisional_alignment
S0072,0,0,0.27819465485451195,False,provisional_alignment
S0073,2,2,0.15892640632650198,False,provisional_alignment
S0074,1,1,0.18115147501935358,False,provisional_alignment
S0075,4,4,0.15829497204033366,False,provisional_alignment
S0076,0,0,0.13866139560572133,False,provisional_alignment
S0077,4,3,0.30339885100519665,True,human_review_required
S0078,1,1,0.14814098039722554,False,provisional_alignment
S0079,2,2,0.07862535142648718,False,provisional_alignment
S0080,2,2,0.1757040317565022,False,provisional_alignment
S0081,0,0,0.05766643728764204,False,provisional_alignment
S0082,3,3,0.06858640100685844,False,provisional_alignment
S0083,4,3,0.17920095914214243,False,provisional_alignment
S0084,3,3,0.07491779981308772,False,provisional_alignment
S0085,2,2,0.06741152390489855,False,provisional_alignment
S0086,4,4,0.10711952294920309,False,provisional_alignment
S0087,2,2,0.13139578607260288,False,provisional_alignment
S0088,2,2,0.015167470008646017,False,provisional_alignment
S0089,1,1,0.2653250080655032,False,provisional_alignment
S0090,2,2,0.01,False,provisional_alignment
S0091,0,0,0.04231722308751312,False,provisional_alignment
S0092,4,4,0.01,False,provisional_alignment
S0093,2,3,0.314515384822975,True,human_review_required
S0094,0,0,0.14168121425415622,False,provisional_alignment
S0095,0,0,0.06995519380495493,False,provisional_alignment
S0096,4,4,0.05247989996278388,False,provisional_alignment
S0097,0,0,0.051125424592825694,False,provisional_alignment
S0098,3,3,0.07698380831509938,False,provisional_alignment
S0099,4,3,0.20862413149888187,False,provisional_alignment
S0100,2,3,0.16285517589032972,False,provisional_alignment
S0101,0,0,0.15033347200561362,False,provisional_alignment
S0102,2,1,0.21458659480226971,False,provisional_alignment
S0103,3,3,0.09226871995685235,False,provisional_alignment
S0104,0,0,0.08764807015287365,False,provisional_alignment
S0105,2,4,0.40249924467553566,True,human_review_required
S0106,2,2,0.10126431645460714,False,provisional_alignment
S0107,1,1,0.2740142362828327,False,provisional_alignment
S0108,2,4,0.2916501762205169,True,human_review_required
S0109,2,2,0.12670909075620074,False,provisional_alignment
S0110,1,2,0.34674632279186435,True,human_review_required
S0111,1,0,0.05753294733473077,False,provisional_alignment
S0112,1,2,0.14212973910929014,False,provisional_alignment
S0113,0,0,0.20140475445329442,False,provisional_alignment
S0114,0,2,0.31971131147353576,True,human_review_required
S0115,3,3,0.12792074349889776,False,provisional_alignment
S0116,2,1,0.3297346796931274,True,human_review_required
S0117,0,0,0.4342935197336493,True,human_review_required
S0118,0,0,0.23626054785666786,False,provisional_alignment
S0119,0,0,0.18029068789164063,False,provisional_alignment
S0120,2,3,0.39368846070852503,True,human_review_required
S0121,0,1,0.273620657256583,False,provisional_alignment
S0122,1,1,0.10275330442167335,False,provisional_alignment
S0123,3,1,0.5374975874228641,True,human_review_required
S0124,0,0,0.01,False,provisional_alignment
S0125,4,4,0.23818989184267852,False,provisional_alignment
S0126,1,1,0.10804922172494895,False,provisional_alignment
S0127,2,3,0.30986894756249317,True,human_review_required
S0128,4,4,0.08338722919559347,False,provisional_alignment
S0129,0,0,0.48523747769141645,True,human_review_required
S0130,3,4,0.05447396358397898,False,provisional_alignment
S0131,2,2,0.22229434048215185,False,provisional_alignment
S0132,0,1,0.19662839219565173,False,provisional_alignment
S0133,2,0,0.46202317571180274,True,human_review_required
S0134,0,0,0.22203647123881268,False,provisional_alignment
S0135,3,3,0.2098882284221891,False,provisional_alignment
S0136,4,4,0.02873886811088909,False,provisional_alignment
S0137,0,1,0.26500913458626835,False,provisional_alignment
S0138,0,0,0.16977352600740792,False,provisional_alignment
S0139,3,2,0.37302049338572807,True,human_review_required
S0140,2,4,0.511547587849352,True,human_review_required
S0141,4,4,0.32116209431168663,True,human_review_required
S0142,2,4,0.29364308274711687,True,human_review_required
S0143,2,3,0.44972607218331395,True,human_review_required
S0144,4,4,0.16412173652118106,False,provisional_alignment
S0145,4,2,0.4359032080621338,True,human_review_required
S0146,2,2,0.06825767059209387,False,provisional_alignment
S0147,3,3,0.11512406959379695,False,provisional_alignment
S0148,3,1,0.4732821504333271,True,human_review_required
S0149,4,4,0.17974160854749777,False,provisional_alignment
S0150,4,4,0.16336981481349497,False,provisional_alignment
S0151,1,1,0.17755252608408997,False,provisional_alignment
S0152,1,0,0.2931310879392308,True,human_review_required
S0153,1,1,0.09568716715986769,False,provisional_alignment
S0154,2,3,0.1797056345416102,False,provisional_alignment
S0155,4,4,0.1314000607537555,False,provisional_alignment
S0156,4,3,0.3181110234573724,True,human_review_required
S0157,4,4,0.07242593331802594,False,provisional_alignment
S0158,4,4,0.19707838277989698,False,provisional_alignment
S0159,2,2,0.18682200346795474,False,provisional_alignment
S0160,2,3,0.22460102211318536,False,provisional_alignment
S0161,3,3,0.07960254227893321,False,provisional_alignment
S0162,3,4,0.44785505962288336,True,human_review_required
S0163,2,2,0.02830589420149575,False,provisional_alignment
S0164,1,1,0.20943573609802735,False,provisional_alignment
S0165,2,2,0.1117169850890216,False,provisional_alignment
S0166,3,3,0.2952739382550093,True,human_review_required
S0167,0,1,0.08492659553344145,False,provisional_alignment
S0168,3,3,0.1657857444732553,False,provisional_alignment
S0169,2,2,0.2108481548722,False,provisional_alignment
S0170,2,2,0.03587967247876721,False,provisional_alignment
S0171,1,3,0.3305603392446585,True,human_review_required
S0172,4,3,0.3998650720568953,True,human_review_required
S0173,2,2,0.06632922156696319,False,provisional_alignment
S0174,4,4,0.132574059979271,False,provisional_alignment
S0175,0,0,0.15926513775955675,False,provisional_alignment
S0176,3,2,0.13871270328122137,False,provisional_alignment
S0177,4,3,0.3265440513260098,True,human_review_required
S0178,4,4,0.19289976570158968,False,provisional_alignment
S0179,4,4,0.18086467371456488,False,provisional_alignment
S0180,2,4,0.4394145047013196,True,human_review_required
S0181,3,3,0.01,False,provisional_alignment
S0182,4,3,0.17546515650710043,False,provisional_alignment
S0183,0,0,0.341140266864755,True,human_review_required
S0184,1,0,0.0803829667789101,False,provisional_alignment
S0185,4,4,0.09719993183755045,False,provisional_alignment
S0186,2,1,0.06174539681272577,False,provisional_alignment
S0187,1,1,0.01205909700279345,False,provisional_alignment
S0188,3,4,0.3077417688895255,True,human_review_required
S0189,0,0,0.13097917206542933,False,provisional_alignment
S0190,0,0,0.12004111788251498,False,provisional_alignment
S0191,0,0,0.04434082552594662,False,provisional_alignment
S0192,2,2,0.20334487871743712,False,provisional_alignment
S0193,3,3,0.13946944333307396,False,provisional_alignment
S0194,0,0,0.021474614650072707,False,provisional_alignment
S0195,4,4,0.4352402893647827,True,human_review_required
S0196,2,2,0.3293128863102504,True,human_review_required
S0197,4,4,0.048621314578883953,False,provisional_alignment
S0198,4,4,0.15983314228953993,False,provisional_alignment
S0199,3,4,0.143529509144806,False,provisional_alignment
S0200,2,1,0.28151298828614285,True,human_review_required
S0201,1,1,0.24111875866720311,False,provisional_alignment
S0202,1,1,0.05110296938707071,False,provisional_alignment
S0203,1,3,0.372671823974946,True,human_review_required
S0204,4,4,0.37991622068858155,True,human_review_required
S0205,3,3,0.16390200106735753,False,provisional_alignment
S0206,3,2,0.11584588619873311,False,provisional_alignment
S0207,0,0,0.32859459748741654,True,human_review_required
S0208,3,3,0.16015294923091367,False,provisional_alignment
S0209,1,1,0.22338643214859139,False,provisional_alignment
S0210,1,0,0.40399602840312687,True,human_review_required
S0211,3,3,0.18166830746003343,False,provisional_alignment
S0212,2,2,0.15745109718040504,False,provisional_alignment
S0213,2,0,0.23302428575587375,True,human_review_required
S0214,2,4,0.2647162795980844,True,human_review_required
S0215,0,0,0.24138911947575648,False,provisional_alignment
S0216,2,3,0.09774449041126845,False,provisional_alignment
S0217,2,0,0.4401540498647908,True,human_review_required
S0218,2,2,0.08712542917356009,False,provisional_alignment
S0219,0,0,0.0859754955848045,False,provisional_alignment
S0220,1,0,0.5479245107443507,True,human_review_required
S0221,3,3,0.09276136987877744,False,provisional_alignment
S0222,0,2,0.3544134782390984,True,human_review_required
S0223,1,0,0.07248918335550449,False,provisional_alignment
S0224,1,1,0.051502580051632135,False,provisional_alignment
S0225,4,4,0.17169050564040503,False,provisional_alignment
S0226,1,1,0.1490902921525521,False,provisional_alignment
S0227,4,4,0.1399434216414078,False,provisional_alignment
S0228,1,0,0.35927680400641737,True,human_review_required
S0229,1,2,0.24084400631037095,False,provisional_alignment
S0230,1,1,0.19651216572755814,False,provisional_alignment
S0231,0,1,0.3973546627052727,True,human_review_required
S0232,1,1,0.1258846837696653,False,provisional_alignment
S0233,3,2,0.44095502042415885,True,human_review_required
S0234,2,2,0.1567947301623328,False,provisional_alignment
S0235,1,1,0.08687120640525245,False,provisional_alignment
S0236,2,2,0.10875162917389165,False,provisional_alignment
S0237,4,3,0.27076391578981607,False,provisional_alignment
S0238,3,3,0.06362429977584805,False,provisional_alignment
S0239,3,3,0.24910762714936807,False,provisional_alignment
S0240,4,4,0.4662860504600444,True,human_review_required
S0241,4,3,0.345617894186795,True,human_review_required
S0242,4,3,0.14141800852754643,False,provisional_alignment
S0243,1,1,0.1781398385677277,False,provisional_alignment
S0244,4,4,0.2830646808348129,True,human_review_required
S0245,4,4,0.30599856167023654,True,human_review_required
S0246,2,1,0.2746792753265801,False,provisional_alignment
S0247,4,3,0.3017281635162191,True,human_review_required
S0248,2,2,0.07482831132978612,False,provisional_alignment
S0249,3,4,0.0565754539875659,False,provisional_alignment
S0250,1,1,0.03621400462379297,False,provisional_alignment
S0251,2,1,0.12305203243228327,False,provisional_alignment
S0252,0,1,0.24381367427731118,False,provisional_alignment
S0253,0,0,0.08328025952488205,False,provisional_alignment
S0254,2,3,0.24204180134319386,False,provisional_alignment
S0255,0,0,0.15149378450159748,False,provisional_alignment
S0256,1,0,0.355019167579128,True,human_review_required
S0257,1,1,0.17482317457378915,False,provisional_alignment
S0258,2,3,0.058211752938398434,False,provisional_alignment
S0259,3,3,0.1522755790240818,False,provisional_alignment
S0260,3,4,0.2103758375003542,False,provisional_alignment
S0261,1,1,0.114058433434913,False,provisional_alignment
S0262,1,0,0.3852264663035574,True,human_review_required
S0263,2,2,0.01,False,provisional_alignment
S0264,2,3,0.22034813752411594,False,provisional_alignment
S0265,4,2,0.43356985719657376,True,human_review_required
S0266,2,2,0.13221198099562192,False,provisional_alignment
S0267,1,2,0.07935867762360768,False,provisional_alignment
S0268,4,4,0.052900062209764134,False,provisional_alignment
S0269,2,2,0.16123331150863618,False,provisional_alignment
S0270,1,1,0.1307538841375601,False,provisional_alignment
S0271,0,0,0.17225595756105908,False,provisional_alignment
S0272,4,4,0.16377172561293565,False,provisional_alignment
S0273,3,1,0.4692928117111426,True,human_review_required
S0274,3,3,0.06936344072156356,False,provisional_alignment
S0275,3,2,0.02518257353969605,False,provisional_alignment
S0276,1,3,0.4316864888181709,True,human_review_required
S0277,0,0,0.06753011972485237,False,provisional_alignment
S0278,4,4,0.04430879231489043,False,provisional_alignment
S0279,3,3,0.08638648793736832,False,provisional_alignment
S0280,2,0,0.45040647486358315,True,human_review_required
S0281,3,3,0.05964489927001942,False,provisional_alignment
S0282,4,3,0.3314003146886808,True,human_review_required
S0283,4,4,0.14714604220315458,False,provisional_alignment
S0284,3,4,0.4346075649029354,True,human_review_required
S0285,0,0,0.10677026207630852,False,provisional_alignment
S0286,3,3,0.10834640258207812,False,provisional_alignment
S0287,0,0,0.47553109452882775,True,human_review_required
S0288,0,0,0.0642279348349432,False,provisional_alignment
S0289,1,1,0.1267631905341181,False,provisional_alignment
S0290,2,2,0.14388170783677937,False,provisional_alignment
S0291,1,0,0.11632688349989538,False,provisional_alignment
S0292,1,1,0.24170639608594108,False,provisional_alignment
S0293,0,0,0.06729213535365694,False,provisional_alignment
S0294,4,3,0.3152168867777258,True,human_review_required
S0295,0,0,0.18941559791918539,False,provisional_alignment
S0296,2,1,0.06819888989114514,False,provisional_alignment
S0297,2,2,0.1793345042102022,False,provisional_alignment
S0298,3,3,0.1663713370888464,False,provisional_alignment
S0299,2,2,0.18194714482890909,False,provisional_alignment
S0300,2,1,0.2942857545806637,True,human_review_required
S0301,0,0,0.14916205705257754,False,provisional_alignment
S0302,3,3,0.13694419796503543,False,provisional_alignment
S0303,0,0,0.1305684478367596,False,provisional_alignment
S0304,4,4,0.06414095142065004,False,provisional_alignment
S0305,0,0,0.16575076896986204,False,provisional_alignment
S0306,4,3,0.1481887603194511,False,provisional_alignment
S0307,2,2,0.0399444958497239,False,provisional_alignment
S0308,0,0,0.07915360453541569,False,provisional_alignment
S0309,2,2,0.05879041125406934,False,provisional_alignment
S0310,1,1,0.29451402892265977,True,human_review_required
S0311,3,4,0.24743695264037127,False,provisional_alignment
S0312,4,4,0.09139119724471852,False,provisional_alignment
S0313,3,2,0.22755246505184556,False,provisional_alignment
S0314,0,0,0.21594071445152085,False,provisional_alignment
S0315,3,4,0.14240224331028004,False,provisional_alignment
S0316,1,1,0.1492218304646607,False,provisional_alignment
S0317,1,0,0.4275271832044485,True,human_review_required
S0318,1,1,0.011971103807081399,False,provisional_alignment
S0319,0,0,0.3429622464408649,True,human_review_required
S0320,0,0,0.12554453983928923,False,provisional_alignment
S0321,2,3,0.15269164675908525,False,provisional_alignment
S0322,1,0,0.10563424329051102,False,provisional_alignment
S0323,4,4,0.07121509241143664,False,provisional_alignment
S0324,1,2,0.30922303720353217,True,human_review_required
S0325,2,1,0.07774758795472655,False,provisional_alignment
S0326,1,2,0.3413891026414656,True,human_review_required
S0327,3,2,0.15720915549805953,False,provisional_alignment
S0328,2,3,0.2538887494159457,False,provisional_alignment
S0329,1,0,0.18204170948417722,False,provisional_alignment
S0330,0,0,0.1460314889961005,False,provisional_alignment
S0331,1,3,0.45339094868505786,True,human_review_required
S0332,1,0,0.23813420655750364,False,provisional_alignment
S0333,2,3,0.25854876877292393,False,provisional_alignment
S0334,1,1,0.08042834781859137,False,provisional_alignment
S0335,0,1,0.270177014081001,False,provisional_alignment
S0336,1,0,0.32707883119470615,True,human_review_required
S0337,1,1,0.08890376943648574,False,provisional_alignment
S0338,1,1,0.06026415792742551,False,provisional_alignment
S0339,3,2,0.2840635093127006,True,human_review_required
S0340,1,2,0.19916065224555568,False,provisional_alignment
S0341,3,2,0.3184578078607148,True,human_review_required
S0342,3,3,0.14221674660760775,False,provisional_alignment
S0343,4,1,0.36109712181370096,True,human_review_required
S0344,4,4,0.46443220095986437,True,human_review_required
S0345,4,4,0.08775116468084708,False,provisional_alignment
S0346,2,2,0.17753304708512305,False,provisional_alignment
S0347,2,3,0.2853210354487013,True,human_review_required
S0348,2,1,0.2397355294361242,False,provisional_alignment
S0349,3,3,0.15465079951598235,False,provisional_alignment
S0350,4,4,0.0838588817336865,False,provisional_alignment
S0351,2,1,0.09671014441959462,False,provisional_alignment
S0352,4,4,0.10654730995636849,False,provisional_alignment
S0353,1,0,0.0926096529266168,False,provisional_alignment
S0354,2,2,0.16453271973298128,False,provisional_alignment
S0355,3,4,0.21353578173639348,False,provisional_alignment
S0356,2,4,0.4190752068151125,True,human_review_required
S0357,0,0,0.31587473708229197,True,human_review_required
S0358,4,4,0.40811036007037793,True,human_review_required
S0359,0,0,0.1903178567358274,False,provisional_alignment
S0360,0,0,0.14103387786219004,False,provisional_alignment
S0361,0,0,0.10200961152067994,False,provisional_alignment
S0362,0,0,0.14823924965749524,False,provisional_alignment
S0363,1,2,0.17785930852775653,False,provisional_alignment
S0364,3,4,0.3089655990792327,True,human_review_required
S0365,0,0,0.16611846362682456,False,provisional_alignment
S0366,2,0,0.4567941699150531,True,human_review_required
S0367,4,4,0.0798866171729794,False,provisional_alignment
S0368,4,4,0.05950181576538265,False,provisional_alignment
S0369,1,2,0.16354915759911065,False,provisional_alignment
S0370,4,4,0.15462961550340906,False,provisional_alignment
S0371,2,3,0.3471911434384387,True,human_review_required
S0372,4,3,0.24015847899801684,False,provisional_alignment
S0373,4,4,0.08229982122801921,False,provisional_alignment
S0374,2,2,0.08128460927300067,False,provisional_alignment
S0375,3,2,0.24832794965619134,False,provisional_alignment
S0376,3,2,0.36474437380577285,True,human_review_required
S0377,4,4,0.2813362625651313,True,human_review_required
S0378,4,2,0.5008877762390561,True,human_review_required
S0379,2,2,0.09354980941259042,False,provisional_alignment
S0380,1,1,0.06648390868337883,False,provisional_alignment
S0381,4,4,0.01,False,provisional_alignment
S0382,2,2,0.09685701101077106,False,provisional_alignment
S0383,4,4,0.19457850097722013,False,provisional_alignment
S0384,2,2,0.028274519725505626,False,provisional_alignment
S0385,3,3,0.11124213710439307,False,provisional_alignment
S0386,0,1,0.10163601424199259,False,provisional_alignment
S0387,4,4,0.1967630405377725,False,provisional_alignment
S0388,4,4,0.09749874585208743,False,provisional_alignment
S0389,3,3,0.14097658029235538,False,provisional_alignment
S0390,0,1,0.3241313198913326,True,human_review_required
S0391,0,0,0.11618446889612924,False,provisional_alignment
S0392,1,1,0.15415730914728804,False,provisional_alignment
S0393,3,4,0.3436641155711086,True,human_review_required
S0394,4,4,0.07212545030900233,False,provisional_alignment
S0395,4,3,0.13615141320698604,False,provisional_alignment
S0396,3,3,0.1317742398709377,False,provisional_alignment
S0397,3,3,0.13692088995044358,False,provisional_alignment
S0398,1,1,0.07536100544745072,False,provisional_alignment
S0399,1,1,0.022646511615588852,False,provisional_alignment
S0400,1,0,0.3922051341287072,True,human_review_required
S0401,1,0,0.32270565402221985,True,human_review_required
S0402,2,1,0.29588102850765857,True,human_review_required
S0403,2,2,0.14846883931013216,False,provisional_alignment
S0404,4,3,0.1007028700064213,False,provisional_alignment
S0405,1,1,0.10446829234272904,False,provisional_alignment
S0406,2,1,0.21768875851403813,False,provisional_alignment
S0407,1,0,0.4964157773296628,True,human_review_required
S0408,1,1,0.07435108683120248,False,provisional_alignment
S0409,4,2,0.48742235908733444,True,human_review_required
S0410,0,0,0.0734472957638732,False,provisional_alignment
S0411,3,3,0.15790085130166234,False,provisional_alignment
S0412,3,3,0.1882805192533799,False,provisional_alignment
S0413,1,0,0.27282970136438534,False,provisional_alignment
S0414,4,4,0.06346775726744794,False,provisional_alignment
S0415,1,0,0.2387169438700601,False,provisional_alignment
S0416,0,0,0.06736151520587401,False,provisional_alignment
S0417,2,2,0.17511366931141503,False,provisional_alignment
S0418,1,0,0.4964275882709539,True,human_review_required
S0419,3,2,0.25592441977547725,False,provisional_alignment
S0420,3,4,0.4312351390995255,True,human_review_required
S0421,1,1,0.08282335994356277,False,provisional_alignment
S0422,2,4,0.5562702595415495,True,human_review_required
S0423,4,4,0.25733995171453267,False,provisional_alignment
S0424,0,0,0.2827977922205282,True,human_review_required
S0425,0,0,0.08043348391855161,False,provisional_alignment
S0426,0,1,0.2128739208206839,False,provisional_alignment
S0427,3,3,0.0846444429818308,False,provisional_alignment
S0428,4,4,0.12648633309786494,False,provisional_alignment
S0429,1,1,0.11867024583922778,False,provisional_alignment
S0430,0,1,0.06737463163195145,False,provisional_alignment
S0431,2,1,0.26103089891530995,False,provisional_alignment
S0432,1,1,0.1811949148755864,False,provisional_alignment
S0433,1,1,0.13538251217385755,False,provisional_alignment
S0434,3,3,0.06000183094247495,False,provisional_alignment
S0435,3,3,0.11246765339633633,False,provisional_alignment
S0436,0,0,0.08119279108058305,False,provisional_alignment
S0437,0,0,0.17454364021231186,False,provisional_alignment
S0438,2,1,0.20103242567008425,False,provisional_alignment
S0439,0,0,0.13328927316158218,False,provisional_alignment
S0440,1,1,0.08473734621057585,False,provisional_alignment
S0441,0,0,0.20110135297928045,False,provisional_alignment
S0442,0,0,0.2738300622639931,False,provisional_alignment
S0443,4,4,0.17959055185531023,False,provisional_alignment
S0444,3,4,0.04662453993671099,False,provisional_alignment
S0445,2,2,0.08669402627916437,False,provisional_alignment
S0446,0,0,0.4102214934999572,True,human_review_required
S0447,0,1,0.08080274443564836,False,provisional_alignment
S0448,3,3,0.14273242083633317,False,provisional_alignment
S0449,3,3,0.15577816502345204,False,provisional_alignment
S0450,4,4,0.22489944338749115,False,provisional_alignment
S0451,1,0,0.37871847656704305,True,human_review_required
S0452,4,4,0.10538504497030632,False,provisional_alignment
S0453,1,1,0.17848185019269175,False,provisional_alignment
S0454,3,3,0.12502286438675822,False,provisional_alignment
S0455,3,3,0.19736369254912545,False,provisional_alignment
S0456,1,2,0.27670981854308463,False,provisional_alignment
S0457,3,3,0.15810922943243286,False,provisional_alignment
S0458,2,1,0.10886434319027416,False,provisional_alignment
S0459,0,0,0.03139700069055622,False,provisional_alignment
S0460,1,0,0.18866101132879967,False,provisional_alignment
S0461,0,0,0.5145387773646442,True,human_review_required
S0462,4,4,0.38711833921065864,True,human_review_required
S0463,4,3,0.29031735135865067,True,human_review_required
S0464,3,3,0.19707637852706855,False,provisional_alignment
S0465,2,1,0.21049924766465472,False,provisional_alignment
S0466,1,2,0.2757074458582481,False,provisional_alignment
S0467,4,4,0.12736186779190894,False,provisional_alignment
S0468,4,4,0.30410852786743964,True,human_review_required
S0469,1,1,0.13279033055218242,False,provisional_alignment
S0470,3,4,0.29005805240924987,True,human_review_required
S0471,2,1,0.1370828161246755,False,provisional_alignment
S0472,2,1,0.33751402177141876,True,human_review_required
S0473,0,1,0.41562315352516366,True,human_review_required
S0474,2,1,0.3165850234015643,True,human_review_required
S0475,1,1,0.15722773115696542,False,provisional_alignment
S0476,4,4,0.03656055468594946,False,provisional_alignment
S0477,0,0,0.14058431227604323,False,provisional_alignment
S0478,4,4,0.08234392328046147,False,provisional_alignment
S0479,3,3,0.14066410518151656,False,provisional_alignment
S0480,0,0,0.02007832297593086,False,provisional_alignment
S0481,3,3,0.09550655319347108,False,provisional_alignment
S0482,1,0,0.2139744619879685,False,provisional_alignment
S0483,0,0,0.21064678551594132,False,provisional_alignment
S0484,4,4,0.07469154247837034,False,provisional_alignment
S0485,4,4,0.15339387072706853,False,provisional_alignment
S0486,3,2,0.09656884673290703,False,provisional_alignment
S0487,3,2,0.11988626538829283,False,provisional_alignment
S0488,3,3,0.06295580743101638,False,provisional_alignment
S0489,4,3,0.308108712403001,True,human_review_required
S0490,2,2,0.23093703031392576,False,provisional_alignment
S0491,1,1,0.21710205270091787,False,provisional_alignment
S0492,2,1,0.3333495950793308,True,human_review_required
S0493,4,4,0.06692291496617679,False,provisional_alignment
S0494,4,3,0.17680728093606646,False,provisional_alignment
S0495,3,2,0.28151159344621346,True,human_review_required
S0496,1,1,0.14747324742908424,False,provisional_alignment
S0497,4,4,0.19622956417345008,False,provisional_alignment
S0498,3,2,0.2867768626526079,True,human_review_required
S0499,4,3,0.17390136488421443,False,provisional_alignment
